{"last_active": {"session_id": "ebea4552-e61f-4317-8cca-8444453d2b10", "pack": "peon", "timestamp": 1775258079.909667, "event": "Notification", "cwd": "/Users/gabrielamyot/Developer/grp-beklever-com/project-management"}, "prompt_timestamps": {"ec3b5050-8a56-4c68-8b08-c9a6680c9f8d": [1775183188.868502, 1775183188.8996649, 1775183188.981399, 1775183188.9988632, 1775183189.08816, 1775183189.093659], "4794de75-b8f5-4a1c-b973-3d4b0cef7981": [1775250579.0396001, 1775250579.0525079, 1775250579.058414, 1775250579.112107], "c66e4d2e-8a0f-4100-a7e6-79add6b12dd0": [1775223816.743615], "52cc9860-b8b9-44a8-88d2-fa0b38665e4f": [1775227092.730717], "a440de0b-a667-468f-a598-61890ce1e07c": [1775257655.673398], "0291e820-25e3-4252-8a7b-c94b637791a5": [1775257747.9567602], "7d287933-7261-4df9-b23a-8b96731eca3b": [1775251407.407119, 1775251411.937283], "ebea4552-e61f-4317-8cca-8444453d2b10": [1775257905.774982]}, "last_stop_time": 1775258019.794061, "pending_subagent_pack": {"ts": 1775257917.6490629, "pack": "peon"}, "session_start_times": {"4794de75-b8f5-4a1c-b973-3d4b0cef7981": 1775219855.545013, "a440de0b-a667-468f-a598-61890ce1e07c": 1775228614.942521, "0291e820-25e3-4252-8a7b-c94b637791a5": 1775239280.807047, "7d287933-7261-4df9-b23a-8b96731eca3b": 1775239814.9321651, "ebea4552-e61f-4317-8cca-8444453d2b10": 1775257754.906053}, "agent_sessions": []}