{"last_active": {"session_id": "b30f9adc-5e2c-4c67-8bc3-f57b8480c566", "pack": "peon", "timestamp": 1772399237.229425, "event": "SessionEnd", "cwd": "/Users/gabrielamyot/.claude-shared-config"}, "pending_subagent_pack": {"ts": 1772399113.176181, "pack": "peon"}, "last_stop_time": 1772399230.311393, "agent_sessions": [], "prompt_timestamps": {"304d2283-01cc-46b9-9ff0-e14e614fe6bc": [1772312041.613389], "31fbf933-f8a2-4c3b-96d6-39b20d7fea62": [1772319358.0688288], "5b04ac70-1127-4932-8a7a-122b02511d57": [1772330724.7779782], "207868a0-cd61-46a0-a559-d803916cbfc0": [1772328222.441495], "f63472c4-4ec3-4742-9f1f-e4d470461578": [1772399089.575802], "4864ff58-9c09-42fc-b885-5a37d9f0c65a": [1772339582.0055108], "fc6e6291-2b2f-4d72-8e1a-11ce01c5eb1e": [1772338977.620089], "8e17d8d3-88b3-4658-a16c-e01b2021cfc5": [1772399152.972297], "b99f32e7-3538-4b6f-8b9a-240dec9a86d8": [1772392311.343086]}, "session_start_times": {"31fbf933-f8a2-4c3b-96d6-39b20d7fea62": 1772319742.633831, "2ee88ad8-8dc8-41f3-8b09-caeb7b4e43a3": 1772319719.133256, "8801d22b-b0fd-4be2-bbc7-1ef7cd1eaa37": 1772319787.1114671, "5b04ac70-1127-4932-8a7a-122b02511d57": 1772320048.9129548, "207868a0-cd61-46a0-a559-d803916cbfc0": 1772320396.379895, "f63472c4-4ec3-4742-9f1f-e4d470461578": 1772328130.267448, "4864ff58-9c09-42fc-b885-5a37d9f0c65a": 1772329712.309837, "fc6e6291-2b2f-4d72-8e1a-11ce01c5eb1e": 1772338328.547103, "8e17d8d3-88b3-4658-a16c-e01b2021cfc5": 1772339482.6504378, "b99f32e7-3538-4b6f-8b9a-240dec9a86d8": 1772392266.686771}}