{"last_active": {"session_id": "14053352-c8dd-4044-820a-69b6f3636661", "pack": "peon", "timestamp": 1773155759.866197, "event": "SessionEnd", "cwd": "/Users/gabrielamyot/Developer/supervisr-ai/project-management"}, "last_stop_time": 1773153800.7203279, "prompt_timestamps": {"b3a5d7f7-0f88-4272-bb93-94d8125088b6": [1773111570.80011], "0ba789d1-7962-4717-9b91-04f7bcae7b73": [1773111789.385911], "ad1fe4c2-15d6-426f-9a23-ecf0eb637b90": [1773111503.172203], "dba89f74-00e6-4cd2-ba5f-795ebcb97135": [1773153769.539098], "674653e9-2c5d-4c1f-9897-89f55a7af362": [1773150522.357389], "7f65cf52-64cb-4e67-be21-2acebbd4a838": [1773155668.531748]}, "pending_subagent_pack": {"ts": 1773153457.337301, "pack": "peon"}, "agent_sessions": [], "session_start_times": {"b3a5d7f7-0f88-4272-bb93-94d8125088b6": 1773091432.842344, "ad1fe4c2-15d6-426f-9a23-ecf0eb637b90": 1773111065.802413, "dba89f74-00e6-4cd2-ba5f-795ebcb97135": 1773147061.7621062, "674653e9-2c5d-4c1f-9897-89f55a7af362": 1773149842.372471, "7f65cf52-64cb-4e67-be21-2acebbd4a838": 1773150658.345012}}