{"last_active": {"session_id": "de47ba3d-873a-4d3c-83bf-03b7397115a4", "pack": "peon", "timestamp": 1773361922.511292, "event": "SessionEnd", "cwd": "/Users/gabrielamyot/.claude-shared-config"}, "agent_sessions": [], "prompt_timestamps": {"dba89f74-00e6-4cd2-ba5f-795ebcb97135": [1773251956.7675781], "cb64cb4e-5302-4741-87df-a8039318737f": [1773347407.966578], "3f31fc11-8894-4fb0-9dc6-cdfc3d0fa6c6": [1773243731.264832], "6ea7d87e-8c28-4ac1-9f71-775765dae527": [1773243731.265601, 1773243731.2678132, 1773243739.7656782], "0fdf679d-3edf-4023-bb75-107df01e80bf": [1773260831.386036], "0b06281e-8f47-49d4-a577-91c31b147543": [1773262073.33674], "deec1d51-40a0-4c80-ba85-8b99de67cbec": [1773261684.6607091], "dbc7608b-17ba-4b90-a596-cb7a3ae1e0de": [1773262157.86239], "d5737d99-e1b8-4102-84cc-61792d94386b": [1773352595.837748], "e4db6544-1c48-48ec-a9ea-531f2f4f5c1a": [1773262601.344702, 1773262601.347032, 1773262601.3486452], "1ceed190-2fc6-42c9-953c-ebaaf11f36ec": [1773263162.775889], "d0958fb8-2e26-4459-94c4-cd2c39d97aea": [1773319950.3460102], "723e2081-4190-4759-abcc-8c9387e20a72": [1773344326.202026], "ed891548-ea40-48f3-a64d-37ab60a6d7c8": [1773361026.8546538], "db4b34c0-4a6a-4a68-a0d3-353cb32fbbb1": [1773347894.865571], "543cccce-8e85-487f-96f1-71fa47a2f212": [1773343096.165528], "ad1fe4c2-15d6-426f-9a23-ecf0eb637b90": [1773348708.2979999], "8e1bbef8-941b-4206-abc4-e9ed008c125e": [1773349532.14006], "f2a38a4f-82e7-42dc-a211-b1ddd65726e6": [1773352788.0153868], "aad8d700-d2bd-4e5d-80b9-9c4b7fb1c56a": [1773353048.8329751], "4da9db67-8888-4682-b733-ca422ea5855c": [1773361519.959736]}, "last_stop_time": 1773361554.907996, "session_start_times": {"cb64cb4e-5302-4741-87df-a8039318737f": 1773243102.411566, "6ea7d87e-8c28-4ac1-9f71-775765dae527": 1773243731.277471, "0b06281e-8f47-49d4-a577-91c31b147543": 1773260833.654094, "dbc7608b-17ba-4b90-a596-cb7a3ae1e0de": 1773262137.639381, "d5737d99-e1b8-4102-84cc-61792d94386b": 1773262269.0604858, "1ceed190-2fc6-42c9-953c-ebaaf11f36ec": 1773262602.726769, "d0958fb8-2e26-4459-94c4-cd2c39d97aea": 1773313921.8446069, "723e2081-4190-4759-abcc-8c9387e20a72": 1773321932.656346, "ed891548-ea40-48f3-a64d-37ab60a6d7c8": 1773325283.614336, "b5a56d3d-fcf7-482f-b91c-23d54d2cac55": 1773341194.297869, "0eddd623-12b9-4067-8fe1-34ac4ee1ebc3": 1773341516.464963, "db4b34c0-4a6a-4a68-a0d3-353cb32fbbb1": 1773341525.530544, "543cccce-8e85-487f-96f1-71fa47a2f212": 1773341807.3672209, "53a2a95b-6e04-416c-b8d4-e0160602c6a7": 1773344103.0465002, "b3a5d7f7-0f88-4272-bb93-94d8125088b6": 1773344106.0319219, "8e1bbef8-941b-4206-abc4-e9ed008c125e": 1773347983.426553, "f2a38a4f-82e7-42dc-a211-b1ddd65726e6": 1773352741.207943, "4da9db67-8888-4682-b733-ca422ea5855c": 1773353048.8978891}, "pending_subagent_pack": {"ts": 1773349430.069497, "pack": "peon"}}