{"last_active": {"session_id": "b429d2ba-9cf4-447e-af8d-e132058d273e", "pack": "peon", "timestamp": 1778274124.306881, "event": "Notification", "cwd": "/Users/gabrielamyot/Developer/grp-beklever-com/project-management"}, "prompt_timestamps": {"4f721e48-37d4-4e04-bc8a-86a8b146446b": [1778273483.952724], "b429d2ba-9cf4-447e-af8d-e132058d273e": [1778273974.579079], "438d5888-1142-419b-ac22-daefab8fa6ea": [1778270306.261236], "a948bbe7-ea0f-4f16-a7a2-8564e5a80eea": [1778270326.5510771], "560ad2df-f435-4bfd-98bc-65c25a633ef0": [1778270614.677109], "08f69a13-a567-4e0f-835d-ecf990753747": [1778270696.901833], "44813bd5-db8a-42cb-be61-df08c58f34dd": [1778270822.1528], "1e097cc4-f163-4bf4-8274-0a1949e28816": [1778270829.142473]}, "pending_subagent_pack": {"ts": 1778270660.909238, "pack": "peon"}, "last_stop_time": 1778274064.114934, "agent_sessions": [], "session_start_times": {"560ad2df-f435-4bfd-98bc-65c25a633ef0": 1778270401.056169}}